Record_ID,Source_Database,Publication_Type,Title,Authors,Year,Venue,Volume,Issue,Pages,DOI,arXiv_ID,Affiliation,Record_URL,PRISMA_Phase,Decision,Role,Exclusion_Reason,QA_V,QA_M,QA_D,QA_B,QA_R,QA_Total,Included_in_Analysis,Access_Date,Decision_Date,Decision_Rationale,Used_in_Pairwise,Pair_ID,Sample_Size_N,Dataset_Regime,Primary_Metric,Metric_Value,Linked_Record_ID
1,Google Scholar,Peer-Reviewed,"Introducing WESAD","Schmidt et al.",2018,"ACM ICMI",NA,NA,158-166,10.1145/3242969.3242985,NA,"Uni Siegen",https://doi.org/10.1145/3242969.3242985,Inclusion,Included,Primary_Study,NA,1,1,1,1,1,5,Yes,2025-10-01,2025-10-15,"Gold standard benchmark",Yes,S-01,15,Lab,Accuracy,0.932,NA
2,Google Scholar,Peer-Reviewed,"Stress Detection signals","Nigam et al.",2021,"EAI",8,31,e5,10.4108/eai.13-7-2018.163980,NA,"NSIT",https://doi.org/10.4108/eai.13-7-2018.163980,Inclusion,Included,Primary_Study,NA,1,1,1,0,1,4,Yes,2025-10-01,2025-10-15,"Strong signal processing",No,NA,20,Lab,Accuracy,0.915,NA
3,Google Scholar,Peer-Reviewed,"Mental-Perceiver","Qin et al.",2024,"Proceedings of the AAAI Conference on Artificial Intelligence (AAAI)",NA,NA,NA,NA,2408.12088,Tsinghua,https://arxiv.org/abs/2408.12088,Inclusion,Included,Primary_Study,NA,1,1,1,1,1,5,Yes,2025-10-05,2025-10-20,"High rigor clinical study",Yes,D-01;A-02,12024,Clinical,UAR,0.790,NA
4,Google Scholar,Peer-Reviewed,"Dreaddit Reddit Dataset","Turcan & McKeown",2019,"ACL",NA,NA,97-107,10.18653/v1/D19-6213,NA,"Columbia",https://doi.org/10.18653/v1/D19-6213,Inclusion,Included,Primary_Study,NA,1,1,1,1,1,5,Yes,2025-10-02,2025-10-15,"Large-scale text dataset",Yes,S-01,3000,Social,F1,0.720,NA
5,Google Scholar,Grey_Literature,"Physiological Signals (SMOTE)","Reddy et al.",2024,"Milestone",1,1,22-30,NA,NA,SRIT,https://milestoneresearch.in/...,Inclusion,Included,Grey_Literature,NA,1,0,1,1,1,4,Yes,2025-10-08,2025-10-22,"Qualitative contrast used in W-01",Yes,W-01,15,Lab,Accuracy,0.951,NA
6,Google Scholar,Peer-Reviewed,"CLPsych 2025 Shared Task","Tseriotou et al.",2025,"ACL",NA,NA,1-12,10.18653/v1/2025.clpsych-1.16,NA,"KCL",https://doi.org/...,Inclusion,Included,Primary_Study,NA,1,1,1,1,1,5,Yes,2025-10-10,2025-10-25,"SOTA social benchmark",No,NA,400,Social,F1,0.780,NA
7,Google Scholar,Peer-Reviewed,"Academic Communities Reddit","Oryngozha et al.",2023,"arXiv",NA,NA,NA,NA,2312.01050,Astana,https://arxiv.org/abs/2312.01050,Inclusion,Included,Primary_Study,NA,1,1,1,0,1,4,Yes,2025-10-05,2025-10-20,"Domain-specific analysis",No,NA,1200,Social,F1,0.810,NA
8,Google Scholar,Peer-Reviewed,"DASentimental networks","Stella & Restocchi",2021,"BDCC",5,4,77,10.3390/bdcc5040077,NA,Exeter,https://doi.org/10.3390/bdcc5040077,Inclusion,Included,Primary_Study,NA,1,1,1,0,1,4,Yes,2025-10-01,2025-10-15,"Cognitive networks analysis",No,NA,2500,Social,F1,0.750,NA
9,Google Scholar,Preprint,"Automated Classification","Roy",2024,"CIBSS",NA,NA,NA,10.5281/zenodo.10629431,NA,NMIMS,https://doi.org/10.5281/zenodo.10629431,Inclusion,Included,Primary_Study,NA,1,1,1,0,1,4,Yes,2025-10-08,2025-10-22,"Classical ML text baseline",Yes,S-02,1500,Social,F1,0.820,NA
10,Google Scholar,Peer-Reviewed,"StressID Multimodal","Chaptoukaev et al.",2023,"NeurIPS",NA,NA,NA,NA,NA,Inria,https://project.inria.fr/...,Inclusion,Included,Primary_Study,NA,1,1,1,1,1,5,Yes,2025-10-12,2025-10-28,"Verified multimodal dataset",Yes,W-04,65,In-the-wild,Accuracy,0.940,NA
11,Google Scholar,Peer-Reviewed,"Bioengineering Lee 2025","Lee et al.",2025,"Bioengineering (MDPI)",12,1,45,10.3390/bioengineering12010045,NA,SNU,https://doi.org/3390/...,Inclusion,Included,Primary_Study,NA,1,1,1,1,0,4,No,2025-10-15,2025-12-24,"Requires manual verification of cohort size",No,NA,280,Clinical,Accuracy,0.880,NA
12,Google Scholar,Peer-Reviewed,"Explainable AI survey","Ibrahimov et al.",2024,"arXiv",NA,NA,NA,NA,2406.05984,Darwin,https://arxiv.org/abs/2406.05984,Inclusion,Included,Contextual_Review,NA,1,1,1,1,1,5,No,2025-10-05,2025-12-24,"Role corrected to Contextual_Review",No,NA,NA,Survey,NA,NA,NA
13,Google Scholar,Peer-Reviewed,"Characterisation of Mental Health","Gkotsis et al.",2017,"Scientific Reports",7,1,45141,10.1038/srep45141,NA,KCL,https://doi.org/10.1038/srep45141,Inclusion,Included,Primary_Study,NA,1,1,1,0,1,4,Yes,2025-10-01,2025-10-15,"Foundational informed DL study",Yes,S-01,458240,Social,F1,0.790,NA
14,Google Scholar,Peer-Reviewed,"LLM systematic review","Guo et al.",2024,"arXiv",NA,NA,NA,NA,2403.15401,UCL,https://arxiv.org/abs/2403.15401,Inclusion,Included,Contextual_Review,NA,1,1,1,0,1,4,No,2025-10-05,2025-10-20,"Role corrected to Contextual_Review",No,NA,NA,Survey,NA,NA,NA
15,Google Scholar,Peer-Reviewed,"AI-Assisted Diagnosing Survey","Muetunda et al.",2024,"ACM",NA,NA,NA,10.1145/3681794,NA,Interior,https://doi.org/10.1145/3681794,Inclusion,Included,Contextual_Review,NA,1,1,1,0,1,4,No,2025-10-10,2025-10-25,"Role corrected to Contextual_Review",No,NA,NA,Survey,NA,NA,NA
16,Google Scholar,Peer-Reviewed,"Hybrid ANN Stress","Tiwari et al.",2021,"Big Data",9,2,130-141,10.1089/big.2020.0304,NA,"Medi-Caps",https://doi.org/10.1089/big.2020.0304,Inclusion,Included,Primary_Study,NA,1,1,1,0,1,4,Yes,2025-10-01,2025-10-15,"Verified Big Data sensing",Yes,W-03,35,Lab,Accuracy,0.920,NA
17,Google Scholar,Peer-Reviewed,"Reddit and Twitter Data Prediction","Dâ€™Cruz et al.",2023,"INOCON",NA,NA,1-6,10.1109/INOCON57975.2023,NA,NMIMS,https://doi.org/10.1109/INOCON57975.2023,Inclusion,Included,Primary_Study,NA,1,1,1,0,1,4,Yes,2025-10-05,2025-10-20,"Verified IEEE cross-platform",Yes,D-02,4500,Social,F1,0.800,NA
18,Google Scholar,Peer-Reviewed,"Detection and Monitoring review","Pinge et al.",2024,"Frontiers",6,NA,1478851,10.3389/fcomp.2024.1478851,NA,Goa,https://doi.org/10.3389/fcomp.2024.1478851,Inclusion,Included,Primary_Study,NA,1,1,1,1,1,5,Yes,2025-10-15,2025-11-01,"Saturation member",Yes,W-01,NA,Lab,Accuracy,0.979,NA
19,Google Scholar,Peer-Reviewed,"ML for student depression","Iparraguirre et al.",2024,"iJIM",18,14,15-30,10.3991/ijim.v18i14.48669,NA,UNSA,https://online-journals.org/index.php/i-jim/article/view/48669,Inclusion,Included,Primary_Study,NA,1,1,1,0,1,4,Yes,2025-10-12,2025-10-28,"Verified iJIM student prediction",Yes,S-03,120,Student,Accuracy,0.920,NA
20,Google Scholar,Peer-Reviewed,"Efficient or Powerful trade-offs","Ding et al.",2025,"arXiv",NA,NA,NA,NA,2503.01082,SJTU,https://arxiv.org/abs/2503.01082,Inclusion,Included,Primary_Study,NA,1,1,1,0,1,4,Yes,2025-11-01,2025-12-01,"ML vs DL saturation analysis",Yes,Qualitative_W-03;D-03,5000,Social,F1,0.740,NA
21,Google Scholar,Peer-Reviewed,"Wrist Stress device","Gjoreski et al.",2017,"IMWUT",1,3,71,10.1145/3130936,NA,JSI,https://doi.org/10.1145/3130936,Inclusion,Included,Primary_Study,NA,1,1,1,0,1,4,Yes,2025-10-01,2025-10-15,"Verified ACM real-life stress",Yes,W-02,21,In-the-wild,Accuracy,0.900,NA
22,Google Scholar,Peer-Reviewed,"The PHQ-9 Validity","Kroenke et al.",2001,"JGIM",16,9,606-613,10.1046/j.1525-1497.2001.016009606.x,NA,Indiana,https://doi.org/10.1046/...,Inclusion,Included,Clinical_Reference,NA,1,1,1,1,1,5,Yes,2025-10-01,2025-10-10,"Clinical ground truth standard",Yes,D-04,6000,Clinical,NA,NA,NA
23,Google Scholar,Peer-Reviewed,"Anxiety Identification deep learning","Thakre et al.",2022,"J Psych Res",148,NA,147-154,10.1016/j.jpsychires.2022.03.027,NA,VCU,https://doi.org/10.1016/j.jpsychires.2022.03.027,Inclusion,Included,Primary_Study,NA,1,1,1,0,1,4,Yes,2025-10-15,2025-11-01,"Verified SciDirect sleep DL",Yes,D-04,150,Sleep,Accuracy,0.860,NA
24,Google Scholar,Grey_Literature,"Student Stress supervised ML","Arya et al.",2024,"Indian J Eng",21,55,1-10,NA,NA,Galgotias,https://www.researchgate.net/...,Inclusion,Included,Primary_Study,NA,1,1,1,0,1,4,Yes,2025-10-10,2025-10-25,"Verified labeled studentlogs",Yes,S-03,200,Student,Accuracy,0.890,NA
25,Google Scholar,Peer-Reviewed,"ECG Signals classification","Mingu et al.",2021,"J Healthcare Eng",2021,NA,9951905,10.1155/2021/9951905,NA,Yonsei,https://doi.org/10.1155/2021/9951905,Inclusion,Included,Primary_Study,NA,1,1,1,1,1,5,Yes,2025-10-01,2025-10-15,"Verified signal DL study",Yes,Qualitative_W-03;W-01;W-02;W-03,30,Lab,Accuracy,0.960,NA
26,Google Scholar,Peer-Reviewed,"Depression Twitter DL","Khafaga et al.",2023,"IASC",37,1,1-15,10.32604/iasc.2023.033360,NA,Princess,https://doi.org/10.32604/iasc.2023.033360,Inclusion,Included,Primary_Study,NA,1,1,1,0,1,4,Yes,2025-10-05,2025-10-20,"Verified TechScience Twitter DL",Yes,D-02;D-03,8000,Social,F1,0.760,NA
27,Google Scholar,Peer-Reviewed,"Evaluation ML Transformer","Bokolo & Liu",2023,"Electronics",12,21,4396,10.3390/electronics12214396,NA,UPM,https://doi.org/10.3390/electronics12214396,Inclusion,Included,Primary_Study,NA,1,1,1,0,1,4,Yes,2025-10-05,2025-10-20,"Verified social baseline",Yes,A-01;S-02,5000,Social,F1,0.780,NA
28,Google Scholar,Peer-Reviewed,"Duplicate of Record 1","Schmidt et al.",2018,"arXiv Preprint",NA,NA,NA,NA,NA,"Uni Siegen",NA,Identification,Excluded,Duplicate_Record,Duplicate,0,0,0,0,0,0,No,NA,2025-10-01,"Duplicate of Record_ID 1",No,NA,NA,NA,NA,NA,1
29,Google Scholar,Peer-Reviewed,"Duplicate of Record 4","Turcan et al.",2019,"ACL Anthology",NA,NA,NA,NA,NA,"Columbia",NA,Identification,Excluded,Duplicate_Record,Duplicate,0,0,0,0,0,0,No,NA,2025-10-01,"Duplicate of Record_ID 4",No,NA,NA,NA,NA,NA,4
30,Google Scholar,Peer-Reviewed,"Duplicate of Record 18","Pinge et al.",2024,"ResearchGate",NA,NA,NA,NA,NA,"Goa Uni",NA,Identification,Excluded,Duplicate_Record,Duplicate,0,0,0,0,0,0,No,NA,2025-10-01,"Duplicate of Record_ID 18",No,NA,NA,NA,NA,NA,18
31,Google Scholar,Peer-Reviewed,"Duplicate of Record 3","Qin et al.",2024,"ResearchGate",NA,NA,NA,NA,NA,Tsinghua,NA,Identification,Excluded,Duplicate_Record,Duplicate,0,0,0,0,0,0,No,NA,2025-10-01,"Duplicate of Record_ID 3",No,NA,NA,NA,NA,NA,3
32,Google Scholar,Peer-Reviewed,"Duplicate of Record 21","Gjoreski",2017,"Semantic Scholar",NA,NA,NA,NA,NA,JSI,NA,Identification,Excluded,Duplicate_Record,Duplicate,0,0,0,0,0,0,No,NA,2025-10-01,"Duplicate of Record_ID 21",No,NA,NA,NA,NA,NA,21
33,Google Scholar,Peer-Reviewed,"Duplicate of Record 14","Guo",2024,arXiv,NA,NA,NA,NA,NA,UCL,NA,Identification,Excluded,Duplicate_Record,Duplicate,0,0,0,0,0,0,No,NA,2025-10-01,"Duplicate of Record_ID 14",No,NA,NA,NA,NA,NA,14
34,Google Scholar,Peer-Reviewed,"Duplicate of Record 17","D'Cruz",2023,ResearchGate,NA,NA,NA,NA,NA,NMIMS,NA,Identification,Excluded,Duplicate_Record,Duplicate,0,0,0,0,0,0,No,NA,2025-10-01,"Duplicate of Record_ID 17",No,NA,NA,NA,NA,NA,17
35,ScienceDirect,Peer-Reviewed,"Duplicate of Record 22","Kroenke",2001,PMC,NA,NA,NA,NA,NA,Indiana,NA,Identification,Excluded,Duplicate_Record,Duplicate,0,0,0,0,0,0,No,NA,2025-10-01,"Duplicate of Record_ID 22",No,NA,NA,NA,NA,NA,22
36,ScienceDirect,Peer-Reviewed,"Duplicate of Record 25","Mingu",2021,Wiley,NA,NA,NA,NA,NA,Yonsei,NA,Identification,Excluded,Duplicate_Record,Duplicate,0,0,0,0,0,0,No,NA,2025-10-01,"Duplicate of Record_ID 25",No,NA,NA,NA,NA,NA,25
37,ScienceDirect,Peer-Reviewed,"Duplicate of Record 27","Bokolo",2023,MDPI,NA,NA,NA,NA,NA,UPM,NA,Identification,Excluded,Duplicate_Record,Duplicate,0,0,0,0,0,0,No,NA,2025-10-01,"Duplicate of Record_ID 27",No,NA,NA,NA,NA,NA,27
38,ScienceDirect,Peer-Reviewed,"Duplicate of Record 6","Tseriotou",2025,ACL,NA,NA,NA,NA,NA,KCL,NA,Identification,Excluded,Duplicate_Record,Duplicate,0,0,0,0,0,0,No,NA,2025-10-01,"Duplicate of Record_ID 6",No,NA,NA,NA,NA,NA,6
39,ScienceDirect,Peer-Reviewed,"Duplicate of Record 7","Oryngozha",2023,"Semantic Scholar",NA,NA,NA,NA,NA,Astana,NA,Identification,Excluded,Duplicate_Record,Duplicate,0,0,0,0,0,0,No,NA,2025-10-01,"Duplicate of Record_ID 7",No,NA,NA,NA,NA,NA,7
40,ScienceDirect,Peer-Reviewed,"Duplicate of Record 23","Thakre",2022,"PubMed Central",NA,NA,NA,NA,NA,VCU,NA,Identification,Excluded,Duplicate_Record,Duplicate,0,0,0,0,0,0,No,NA,2025-10-01,"Duplicate of Record_ID 23",No,NA,NA,NA,NA,NA,23
41,ScienceDirect,Peer-Reviewed,"Duplicate of Record 26","Khafaga",2023,TechScience,NA,NA,NA,NA,NA,PNU,NA,Identification,Excluded,Duplicate_Record,Duplicate,0,0,0,0,0,0,No,NA,2025-10-01,"Duplicate of Record_ID 26",No,NA,NA,NA,NA,NA,26
42,ScienceDirect,Peer-Reviewed,"Duplicate of Record 24","Arya",2024,ResearchGate,NA,NA,NA,NA,NA,Galgotias,NA,Identification,Excluded,Duplicate_Record,Duplicate,0,0,0,0,0,0,No,NA,2025-10-01,"Duplicate of Record_ID 24",No,NA,NA,NA,NA,NA,24
43,ScienceDirect,Peer-Reviewed,"Duplicate of Record 5","Reddy",2024,SpringerLink,NA,NA,NA,NA,NA,SRIT,NA,Identification,Excluded,Duplicate_Record,Duplicate,0,0,0,0,0,0,No,NA,2025-10-01,"Duplicate of Record_ID 5",No,NA,NA,NA,NA,NA,5
44,ScienceDirect,Peer-Reviewed,"Pharma management of depression","Zuckerbrot et al.",2018,Pediatrics,NA,NA,NA,10.1542/peds.2017-4081,NA,Columbia,https://doi.org/10.1542/peds.2017-4081,Screening,Excluded,Out_of_Scope,Off-topic,0,0,0,0,0,0,No,2025-10-05,2025-10-10,"Clinical drug efficacy trial; no AI methodology",No,NA,NA,NA,NA,NA,NA
45,ScienceDirect,Peer-Reviewed,"World Mental Health Report 2022",WHO,2022,"WHO Pubs",NA,NA,NA,NA,NA,WHO,https://www.who.int/publications/i/item/9789240049338,Screening,Excluded,Contextual_background,Off-topic,0,0,0,0,0,0,No,2025-10-05,2025-10-10,"Policy framing document; no modeling",No,NA,NA,NA,NA,NA,NA
46,ScienceDirect,Peer-Reviewed,"Exercise and Mental Health","Ashdown-Franks et al.",2020,"Trends in Mol Med",NA,NA,NA,10.1016/j.molmed.2019.09.004,NA,KCL,https://doi.org/10.1016/j.molmed.2019.09.004,Screening,Excluded,Out_of_Scope,Off-topic,0,0,0,0,0,0,No,2025-10-05,2025-10-10,"Physical activity study; non-computational focus",No,NA,NA,NA,NA,NA,NA
47,ScienceDirect,Peer-Reviewed,"Sertraline for anxiety","Lewis et al.",2019,"The Lancet Psychiatry",NA,NA,NA,10.1016/S2215-0366(19)30366-9,NA,UCL,https://doi.org/10.1016/S2215-0366(19)30366-9,Screening,Excluded,Out_of_Scope,Off-topic,0,0,0,0,0,0,No,2025-10-05,2025-10-10,"Clinical drug trial; no AI methodology",No,NA,NA,NA,NA,NA,NA
48,ScienceDirect,Peer-Reviewed,"COVID-19 and mental health","Vindegaard et al.",2020,"Euro Neuropsychopharmacology",NA,NA,NA,10.1016/j.euroneuro.2020.05.008,NA,Copenhagen,https://doi.org/10.1016/j.euroneuro.2020.05.008,Screening,Excluded,Out_of_Scope,Off-topic,0,0,0,0,0,0,No,2025-10-05,2025-10-10,"Psychological pandemic review; non-AI",No,NA,NA,NA,NA,NA,NA
49,ScienceDirect,Peer-Reviewed,"Smartphone use in young people","Odgers et al.",2020,"Ann Rev Clin Psych",NA,NA,NA,10.1146/annurev-clinpsy-071119-115836,NA,Irvine,https://doi.org/10.1146/annurev-clinpsy-071119-115836,Screening,Excluded,Out_of_Scope,Off-topic,0,0,0,0,0,0,No,2025-10-05,2025-10-10,"Sociological study; non-computational",No,NA,NA,NA,NA,NA,NA
50,ScienceDirect,Peer-Reviewed,"CBT for social anxiety","Mayo-Wilson et al.",2014,"The Lancet Psychiatry",NA,NA,NA,10.1016/S2215-0366(14)70329-3,NA,"Johns Hopkins",https://doi.org/10.1016/S2215-0366(14)70329-3,Screening,Excluded,Out_of_Scope,Off-topic,0,0,0,0,0,0,No,2025-10-05,2025-10-10,"Therapy outcome study; non-AI methodology",No,NA,NA,NA,NA,NA,NA
51,ScienceDirect,Peer-Reviewed,"Nutrition and Depression","Adan et al.",2019,"Euro Neuropsychopharmacology",NA,NA,NA,10.1016/j.euroneuro.2019.10.005,NA,Utrecht,https://doi.org/10.1016/j.euroneuro.2019.10.005,Screening,Excluded,Out_of_Scope,Off-topic,0,0,0,0,0,0,No,2025-10-05,2025-10-10,"Dietary review study; non-computational",No,NA,NA,NA,NA,NA,NA
52,ScienceDirect,Peer-Reviewed,"Global burden of disease 2020","GBD",2020,"The Lancet",NA,NA,NA,10.1016/S0140-6736(20)30925-9,NA,IHME,https://doi.org/10.1016/S0140-6736(20)30925-9,Screening,Excluded,Contextual_background,Off-topic,0,0,0,0,0,0,No,2025-10-05,2025-10-10,"Epidemiological burden study; no AI",No,NA,NA,NA,NA,NA,NA
53,Semantic Scholar,Peer-Reviewed,"Ethical AI in Healthcare","Gerke et al.",2020,"arXiv Preprint",NA,NA,NA,NA,NA,Harvard,NA,Screening,Excluded,Out_of_Scope,Off-topic,0,0,0,0,0,0,No,2025-10-05,2025-10-10,"Philosophical/Ethics review; no technical modeling",No,NA,NA,NA,NA,NA,NA
54,Semantic Scholar,Peer-Reviewed,"Telepsychiatry COVID-19","Shore et al.",2020,"Int Rev Psych",NA,NA,NA,10.1080/09540261.2020.1752784,NA,Colorado,https://doi.org/10.1080/09540261.2020.1752784,Screening,Excluded,Out_of_Scope,Off-topic,0,0,0,0,0,0,No,2025-10-05,2025-10-10,"Clinical workflow study; non-computational",No,NA,NA,NA,NA,NA,NA
55,Semantic Scholar,Peer-Reviewed,"The role of dopamine","Volkow et al.",2017,"Nat Rev Neuro",NA,NA,NA,10.1038/nrn.2017.130,NA,NIH,https://doi.org/10.1038/nrn.2017.130,Screening,Excluded,Out_of_Scope,Off-topic,0,0,0,0,0,0,No,2025-10-05,2025-10-10,"Neurobiological review; no AI modeling",No,NA,NA,NA,NA,NA,NA
56,Semantic Scholar,Peer-Reviewed,"MIND Report 2024","MIND UK",2024,"MIND Pubs",NA,NA,NA,NA,NA,MIND,https://www.mind.org.uk/about-us/,Screening,Excluded,Contextual_background,Off-topic,0,0,0,0,0,0,No,2025-10-05,2025-10-10,"Institutional survey report; non-AI",No,NA,NA,NA,NA,NA,NA
57,Semantic Scholar,Peer-Reviewed,"Sleep and depression","Short et al.",2020,"Sleep Med Rev",NA,NA,NA,10.1016/j.smrv.2020.101318,NA,"Uni SA",https://doi.org/10.1016/j.smrv.2020.101318,Screening,Excluded,Out_of_Scope,Off-topic,0,0,0,0,0,0,No,2025-10-05,2025-10-10,"Clinical sleep phenotype study; no AI methodology",No,NA,NA,NA,NA,NA,NA
58,Semantic Scholar,Peer-Reviewed,"Inflammation in depression","Miller et al.",2016,"Nat Rev Immuno",NA,NA,NA,10.1038/nri.2015.5,NA,Emory,https://doi.org/10.1038/nri.2015.5,Screening,Excluded,Out_of_Scope,Off-topic,0,0,0,0,0,0,No,2025-10-05,2025-10-10,"Biological review study; non-computational",No,NA,NA,NA,NA,NA,NA
59,Semantic Scholar,Peer-Reviewed,"Ipsos: World Mental Health 2023","Ipsos",2023,"Ipsos Reports",NA,NA,NA,NA,NA,Ipsos,https://www.ipsos.com/en/,Screening,Excluded,Contextual_background,Off-topic,0,0,0,0,0,0,No,2025-10-05,2025-10-10,"Public opinion survey; no computational models",No,NA,NA,NA,NA,NA,NA
60,Semantic Scholar,Peer-Reviewed,"Privacy in Mobile Health Apps","Hutton et al.",2021,"arXiv Preprint",NA,NA,NA,NA,NA,Melbourne,NA,Screening,Excluded,Out_of_Scope,Off-topic,0,0,0,0,0,0,No,2025-10-05,2025-10-10,"Cybersecurity focus; no mental health modeling",No,NA,NA,NA,NA,NA,NA
61,Semantic Scholar,Peer-Reviewed,"Teacher stress student outcomes","Herman et al.",2020,"Journal of School Psychology",NA,NA,NA,10.1016/j.jsp.2019.10.004,NA,Missouri,https://doi.org/10.1016/j.jsp.2019.10.004,Screening,Excluded,Out_of_Scope,Off-topic,0,0,0,0,0,0,No,2025-10-05,2025-10-10,"Educational psychology study; non-AI",No,NA,NA,NA,NA,NA,NA
62,Semantic Scholar,Peer-Reviewed,"Genetic architecture of depression","Howard et al.",2019,"Nature Genetics",NA,NA,NA,10.1038/s41588-018-0325-1,NA,Edinburgh,https://doi.org/10.1038/s41588-018-0325-1,Screening,Excluded,Out_of_Scope,Off-topic,0,0,0,0,0,0,No,2025-10-05,2025-10-10,"Genetic GWAS study; non-computational",No,NA,NA,NA,NA,NA,NA
63,Semantic Scholar,Peer-Reviewed,"Smartphone sensors mental health","Wang et al.",2022,"arXiv Preprint",NA,NA,NA,NA,NA,Unknown,NA,Eligibility,Excluded,Candidate_for_inclusion,Missing_metadata,0,1,0,0,1,2,No,2025-10-12,2025-11-01,"Failed to report participant N or class dist.",No,NA,NA,NA,NA,NA,NA
64,Semantic Scholar,Peer-Reviewed,"Depression detection via EEG","Zhu et al.",2021,"IEEE Access",NA,NA,NA,10.1109/ACCESS.2021.3061234,NA,"Uni Mining",https://doi.org/10.1109/ACCESS.2021.3061234,Eligibility,Excluded,Candidate_for_inclusion,Missing_metadata,0,0,1,1,0,2,No,2025-10-12,2025-11-01,"Omitted class distribution and sampling rates",No,NA,NA,NA,NA,NA,NA
65,Semantic Scholar,Peer-Reviewed,"Stress HRV monitoring","Chen et al.",2020,Sensors,NA,NA,NA,10.3390/s20174821,NA,NTU,https://doi.org/...,Eligibility,Excluded,Candidate_for_inclusion,Missing_metadata,1,0,0,0,1,2,No,2025-10-12,2025-11-01,"Undefined metrics; reported Accuracy only",No,NA,NA,NA,NA,NA,NA
66,Semantic Scholar,Peer-Reviewed,"CNN anxiety voice","Park et al.",2022,"J Med Sys",NA,NA,NA,10.1007/s10916-022-01815-5,NA,Seoul,https://doi.org/10.1007/s10916-022-01815-5,Eligibility,Excluded,Candidate_for_inclusion,Missing_metadata,1,0,1,0,0,2,No,2025-10-12,2025-11-01,"Unclear demographics and data source provenance",No,NA,NA,NA,NA,NA,NA
67,Semantic Scholar,Peer-Reviewed,"Suicidal ideation sentiment","Mundra et al.",2023,IEEE,NA,NA,NA,NA,NA,VIT,NA,Eligibility,Excluded,Candidate_for_inclusion,Missing_metadata,0,1,0,1,0,2,No,2025-10-12,2025-11-01,"Missing descriptive stats for data splits",No,NA,NA,NA,NA,NA,NA
68,PubMed,Peer-Reviewed,"Stress detection GRU","Li et al.",2024,"arXiv Preprint",NA,NA,NA,NA,NA,Unknown,NA,Eligibility,Excluded,Candidate_for_inclusion,Missing_metadata,1,0,0,0,1,2,No,2025-10-12,2025-11-01,"Incomplete hyperparameter disclosure",No,NA,NA,NA,NA,NA,NA
69,PubMed,Peer-Reviewed,"Depression facial landmarks","Santos et al.",2021,"IEEE ImageProc",NA,NA,NA,NA,NA,Lisbon,NA,Eligibility,Excluded,Candidate_for_inclusion,Missing_metadata,0,1,1,0,0,2,No,2025-10-12,2025-11-01,"Lack of demographic metadata for participants",No,NA,NA,NA,NA,NA,NA
70,PubMed,Peer-Reviewed,"LSTM mental health triage","Ali et al.",2020,"Health Tech",NA,NA,NA,NA,NA,Sharjah,NA,Eligibility,Excluded,Candidate_for_inclusion,Missing_metadata,0,0,0,1,1,2,No,2025-10-12,2025-11-01,"Conflicting values in results section",No,NA,NA,NA,NA,NA,NA
71,PubMed,Peer-Reviewed,"Deep learning PTSD","Gupta et al.",2022,"Psychiatry Research",NA,NA,NA,10.1016/j.psychres.2022.114781,NA,IIT,https://doi.org/...,Eligibility,Excluded,Candidate_for_inclusion,Missing_metadata,1,1,0,0,0,2,No,2025-10-12,2025-11-01,"No details on validation set composition",No,NA,NA,NA,NA,NA,NA
72,PubMed,Peer-Reviewed,"Anxiety gait analysis","Thompson et al.",2021,"Gait & Posture",NA,NA,NA,10.1016/j.gaitpost.2021.05.002,NA,Salford,https://doi.org/...,Eligibility,Excluded,Candidate_for_inclusion,Missing_metadata,0,1,1,0,0,2,No,2025-10-12,2025-11-01,"Missing descriptive stats for features",No,NA,NA,NA,NA,NA,NA
73,PubMed,Peer-Reviewed,"Multimodal AI burnout","Bakker et al.",2023,"JAI Research",NA,NA,NA,NA,NA,Delft,NA,Eligibility,Excluded,Candidate_for_inclusion,Missing_metadata,1,0,0,0,1,2,No,2025-10-12,2025-11-01,"Did not disclose sensor manufacturer specs",No,NA,NA,NA,NA,NA,NA
74,PubMed,Peer-Reviewed,"BERT student stress","Kumar et al.",2024,"arXiv Preprint",NA,NA,NA,NA,NA,NIT,NA,Eligibility,Excluded,Candidate_for_inclusion,Missing_metadata,0,1,0,1,0,2,No,2025-10-12,2025-11-01,"Omitted pre-processing pipeline details",No,NA,NA,NA,NA,NA,NA
75,PubMed,Peer-Reviewed,"Novel Neural Network for Stress","Zhang et al.",2022,Neurocomputing,NA,NA,NA,10.1016/j.neucom.2021.12.045,NA,Tsinghua,https://doi.org/...,Eligibility,Excluded,Candidate_for_inclusion,No_baseline,1,1,1,0,0,3,No,2025-10-15,2025-11-05,"No comparison against standard baselines",No,NA,NA,NA,NA,NA,NA
76,PubMed,Peer-Reviewed,"Automatic Depression Screen Voice","Yin et al.",2021,"Speech Comm.",NA,NA,NA,10.1016/j.specom.2021.01.002,NA,Sydney,https://doi.org/...,Eligibility,Excluded,Candidate_for_inclusion,No_baseline,1,1,1,0,0,3,No,2025-10-15,2025-11-05,"Fails to benchmark against linear audio models",No,NA,NA,NA,NA,NA,NA
77,PubMed,Peer-Reviewed,"Stress Thermal Imaging","Kim et al.",2020,"Scientific Reports",NA,NA,NA,10.1038/s41598-020-72412-w,NA,Yonsei,https://doi.org/...,Eligibility,Excluded,Candidate_for_inclusion,No_baseline,1,1,1,0,0,3,No,2025-10-15,2025-11-05,"Lacks comparison to physiological benchmarks",No,NA,NA,NA,NA,NA,NA
78,PubMed,Peer-Reviewed,"Social Anxiety Twitter","Rahman et al.",2023,Intelligent Systems,NA,NA,NA,NA,NA,BUET,NA,Eligibility,Excluded,Candidate_for_inclusion,No_baseline,1,0,1,0,1,3,No,2025-10-15,2025-11-05,"Does not include standard SVM/RF baselines",No,NA,NA,NA,NA,NA,NA
79,PubMed,Peer-Reviewed,"CNN-RNN fatigue","Sato et al.",2024,Preprint,NA,NA,NA,NA,NA,Tokyo,NA,Eligibility,Excluded,Candidate_for_inclusion,No_baseline,0,1,1,0,1,3,No,2025-10-15,2025-11-05,"Missing benchmark comparison on open data",No,NA,NA,NA,NA,NA,NA
80,arXiv,Peer-Reviewed,"Wearable pilots","Lewis et al.",2021,"Aerospace Medicine",NA,NA,NA,10.3357/AMHP.5781.2021,NA,Dayton,https://doi.org/...,Eligibility,Excluded,Candidate_for_inclusion,No_baseline,1,1,0,0,1,3,No,2025-10-15,2025-11-05,"No benchmarking against WESAD standards",No,NA,NA,NA,NA,NA,NA
81,arXiv,Peer-Reviewed,"ML children anxiety","Wilson et al.",2020,PLOS ONE,NA,NA,NA,10.1371/journal.pone.0229345,NA,Toronto,https://doi.org/...,Eligibility,Excluded,Candidate_for_inclusion,No_baseline,1,1,1,0,0,3,No,2025-10-15,2025-11-05,"Uses private data; no public baseline",No,NA,NA,NA,NA,NA,NA
82,arXiv,Peer-Reviewed,"Sentiment depression classifier","Chopra et al.",2022,"Software Practice",NA,NA,NA,10.1002/spe.3045,NA,MNIT,https://doi.org/...,Eligibility,Excluded,Candidate_for_inclusion,No_baseline,1,1,1,0,0,3,No,2025-10-15,2025-11-05,"Reports metrics without benchmark comparison",No,NA,NA,NA,NA,NA,NA
83,arXiv,Peer-Reviewed,"Emotion social networks","Gomes et al.",2023,J Web Eng,NA,NA,NA,NA,NA,Porto,NA,Eligibility,Excluded,Candidate_for_inclusion,No_baseline,0,1,1,0,1,3,No,2025-10-15,2025-11-05,"Baseline models not specified in results",No,NA,NA,NA,NA,NA,NA
84,arXiv,Peer-Reviewed,"Transformer affective","Nakamura et al.",2024,"arXiv Preprint",NA,NA,NA,NA,NA,Kyoto,NA,Eligibility,Excluded,Candidate_for_inclusion,No_baseline,1,1,0,0,1,3,No,2025-10-15,2025-11-05,"Missing classical ML comparison for text",No,NA,NA,NA,NA,NA,NA
85,arXiv,Peer-Reviewed,"Deep stress smartphones","Lee et al.",2022,Mobile Tech,NA,NA,NA,NA,NA,SNU,NA,Eligibility,Excluded,Candidate_for_inclusion,Weak_validation,0,1,1,1,0,3,No,2025-10-15,2025-11-08,"Insufficient validation; no k-fold reported",No,NA,NA,NA,NA,NA,NA
86,arXiv,Peer-Reviewed,"EEG Emotion CNN","Saha et al.",2021,Biomedical Signal Processing,NA,NA,NA,10.1016/j.bspc.2021.102551,NA,IIT,https://doi.org/...,Eligibility,Excluded,Candidate_for_inclusion,Weak_validation,0,1,1,1,0,3,No,2025-10-15,2025-11-08,"No hold-out test set; training data leakage",No,NA,NA,NA,NA,NA,NA
87,Institutional Reports,Peer-Reviewed,"Depression speech prediction","Al-Harbi et al.",2023,"Speech Comm.",NA,NA,NA,10.1016/j.specom.2022.12.001,NA,KSU,https://doi.org/...,Eligibility,Excluded,Candidate_for_inclusion,Weak_validation,0,1,1,1,0,3,No,2025-10-15,2025-11-08,"Evaluated on single small-N split only",No,NA,NA,NA,NA,NA,NA
88,Institutional Reports,Grey_Literature,"Stress classification EDA","Vargas et al.",2024,IEEE Sensors,NA,NA,NA,NA,NA,UNAM,NA,Eligibility,Excluded,Candidate_for_inclusion,Weak_validation,0,0,1,1,1,3,No,2025-10-15,2025-11-08,"No cross-validation for sensor data reported",No,NA,NA,NA,NA,NA,NA
89,Institutional Reports,Peer-Reviewed,"GRU mental health text","Sinha et al.",2024,"arXiv Preprint",NA,NA,NA,NA,NA,IIIT,NA,Eligibility,Excluded,Candidate_for_inclusion,Weak_validation,0,1,1,1,0,3,No,2025-10-15,2025-11-08,"Evaluation based on potentially biased data",No,NA,NA,NA,NA,NA,NA
90,Institutional Reports,Peer-Reviewed,"Wearable GSR emotion","Taylor et al.",2021,Sensors,NA,NA,NA,10.3390/s20174821,NA,Wash,NA,Eligibility,Excluded,Candidate_for_inclusion,Weak_validation,0,1,1,1,0,3,No,2025-10-15,2025-11-08,"Lack of external validation for results",No,NA,NA,NA,NA,NA,NA
91,Institutional Reports,Peer-Reviewed,"AI depression primary care","Mistry et al.",2022,"Primary Care Reports",NA,NA,NA,NA,NA,Bham,NA,Eligibility,Excluded,Candidate_for_inclusion,Weak_validation,0,1,1,1,0,3,No,2025-10-15,2025-11-08,"No disclosure of over-fitting mitigation",No,NA,NA,NA,NA,NA,NA
92,Institutional Reports,Peer-Reviewed,"Multimodal stress prototype","Patel et al.",2023,FGCS,NA,NA,NA,10.1016/j.future.2023.01.002,NA,Maryland,https://doi.org/10.1016/j.future.2023.01.002,Eligibility,Excluded,Candidate_for_inclusion,Weak_validation,0,0,1,1,1,3,No,2025-10-15,2025-11-08,"Inadequate testing in naturalistic settings",No,NA,NA,NA,NA,NA,NA